Source,Stock,Headline,URL,Sentiment
Yahoo Entertainment,Apple,analysishedge funds tailor winwin bets on china,https://finance.yahoo.com/news/analysis-hedge-funds-tailor-win-093800999.html,neutral
Yahoo Entertainment,Apple,stock market today sp  dow nasdaq futures stall with fresh tariffs fed minutes in focus,https://finance.yahoo.com/news/live/stock-market-today-sp-500-dow-nasdaq-futures-stall-with-fresh-tariffs-fed-minutes-in-focus-011408495.html,negative
Yahoo Entertainment,Apple,metas stock closes down snapping session winning streak,https://finance.yahoo.com/news/metas-stock-closes-down-snapping-20-session-winning-streak-211711428.html,negative
Yahoo Entertainment,Apple,metas stock falls putting session streak at risk,https://finance.yahoo.com/news/metas-stock-falls-putting-20-session-streak-at-risk-192124303.html,negative
In These Times,Apple,kings of capital,https://inthesetimes.com/article/trump-musk-bezos-authoritarian-right-strongmen,neutral
pymnts.com,Apple,trustly ceo loyalty and savings will spur consumers to go bankdirect at checkout,https://www.pymnts.com/news/payment-methods/2025/trustly-ceo-loyalty-and-savings-will-spur-consumers-to-go-bank-direct-at-checkout/,neutral
PCWorld,Apple,best smart plugs  transform your dumb outlets into smart sockets,https://www.pcworld.com/article/583524/best-smart-plugs.html,neutral
Scottsmitelli.com,Apple,the ideal candidate will be punched in the stomach,https://www.scottsmitelli.com/articles/ideal-candidate/,neutral
Bengreenfieldlife.com,Apple,bloodwork biomarkers biohacking las vegas optimizing performance and longevity  more with ufc fighter miesha tate,https://bengreenfieldlife.com/podcast/miesha-tate-podcast/,neutral
Forbes,Apple,chinese search giant baidu surges over  after making chatbot free,https://www.forbes.com/sites/ywang/2025/02/13/chinese-search-giant-baidu-surges-over-11-after-making-chatbot-free/,positive
Macworld,Apple,could apple take on nvidia with a standalone graphics card,https://www.macworld.com/article/2588395/why-isnt-apple-cashing-in-on-the-graphics-card-craze.html,neutral
CNET,Apple,lastminute iphone se  rumors apples new phone could be called the iphone e,https://www.cnet.com/tech/mobile/last-minute-iphone-se-4-rumors-apples-new-phone-could-be-called-the-iphone-16e/,neutral
ExchangeWire,Apple,lumens josh barnett on increasing roi with attention and the move away from viewability metrics,https://www.exchangewire.com/blog/2025/02/19/lumens-josh-barnett-on-increasing-roi-with-attention-and-the-move-away-from-viewability-metrics/,neutral
Yahoo Entertainment,Apple,four in five homebuyers to pay more stamp duty from april,https://uk.finance.yahoo.com/news/homeowners-stamp-duty-april-zoopla-060021979.html,negative
Wccftech,Apple,m macbook air launch slated for march at the earliest bringing only performance gains to the lineup with no design changes,https://wccftech.com/m4-macbook-air-launch-in-march/,positive
ETF Daily News,Apple,asset management one co ltd boosts holdings in apple hospitality reit inc nyseaple,https://www.etfdailynews.com/2025/02/19/asset-management-one-co-ltd-boosts-holdings-in-apple-hospitality-reit-inc-nyseaple/,positive
PhoneArena,Apple,standard iphone  models may finally get a big display upgrade  but theres a catch,https://www.phonearena.com/news/standard-iphone-17-models-may-finally-get-a-big-display-upgrade-but-theres-a-catch_id167744,positive
ETF Daily News,Apple,apple inc nasdaqaapl shares bought by first hawaiian bank,https://www.etfdailynews.com/2025/02/19/apple-inc-nasdaqaapl-shares-bought-by-first-hawaiian-bank/,neutral
ETF Daily News,Apple,michael s ryan inc has  million stock holdings in apple inc nasdaqaapl,https://www.etfdailynews.com/2025/02/19/michael-s-ryan-inc-has-1-18-million-stock-holdings-in-apple-inc-nasdaqaapl/,neutral
ETF Daily News,Apple,apple inc nasdaqaapl stake lowered by worth asset management llc,https://www.etfdailynews.com/2025/02/19/apple-inc-nasdaqaapl-stake-lowered-by-worth-asset-management-llc/,neutral
ETF Daily News,Apple,michael s ryan inc has  million stock holdings in apple inc nasdaqaapl,https://www.etfdailynews.com/2025/02/19/michael-s-ryan-inc-has-1-18-million-stock-holdings-in-apple-inc-nasdaqaapl/,neutral
ETF Daily News,Apple,apple inc nasdaqaapl shares bought by first hawaiian bank,https://www.etfdailynews.com/2025/02/19/apple-inc-nasdaqaapl-shares-bought-by-first-hawaiian-bank/,neutral
ETF Daily News,Apple,apple inc nasdaqaapl stake lowered by worth asset management llc,https://www.etfdailynews.com/2025/02/19/apple-inc-nasdaqaapl-stake-lowered-by-worth-asset-management-llc/,neutral
ETF Daily News,Apple,collective family office llc sells  shares of apple inc nasdaqaapl,https://www.etfdailynews.com/2025/02/19/collective-family-office-llc-sells-87-shares-of-apple-inc-nasdaqaapl/,neutral
ETF Daily News,Apple,international assets investment management llc has  million holdings in apple inc nasdaqaapl,https://www.etfdailynews.com/2025/02/19/international-assets-investment-management-llc-has-118-06-million-holdings-in-apple-inc-nasdaqaapl/,neutral
Stockcharts.com,Apple,ai stocks and their impact on the stock market hype or reality,https://stockcharts.com/articles/chartwatchers/2025/01/ai-stocks-and-their-impact-on-548.html,neutral
Forbes,Apple,mag  valuations going into earnings,https://www.forbes.com/sites/chuckjones/2025/01/28/mag-7-valuations-going-into-earnings/,neutral
Ambcrypto.com,Apple,crypto market takes a hit today  heres whats driving the drop,https://ambcrypto.com/crypto-market-takes-a-hit-today-heres-whats-driving-the-drop/,neutral
Ambcrypto.com,Apple,as jupiter dex focuses on retail adoption jup rises   whats next,https://ambcrypto.com/as-jupiter-dex-focuses-on-retail-adoption-jup-rises-10-whats-next/,positive
Macdailynews.com,Apple,apple stock tests key technical level amid worst start since ,https://macdailynews.com/2025/01/24/apple-stock-tests-key-technical-level-amid-worst-start-since-2008/,negative
Yahoo Entertainment,Microsoft,stock market today sp  dow nasdaq futures stall with fresh tariffs fed minutes in focus,https://finance.yahoo.com/news/live/stock-market-today-sp-500-dow-nasdaq-futures-stall-with-fresh-tariffs-fed-minutes-in-focus-011408495.html,negative
Yahoo Entertainment,Microsoft,metas stock closes down snapping session winning streak,https://finance.yahoo.com/news/metas-stock-closes-down-snapping-20-session-winning-streak-211711428.html,negative
Yahoo Entertainment,Microsoft,metas stock falls putting session streak at risk,https://finance.yahoo.com/news/metas-stock-falls-putting-20-session-streak-at-risk-192124303.html,negative
Financial Post,Microsoft,cisco ibm oracle show oldschool tech can be ai winners,https://financialpost.com/investing/cisco-ibm-oracle-can-be-ai-winners,neutral
The Times of India,Microsoft,china stocks seen ready for change as xis tech detente lifts sentiment,https://economictimes.indiatimes.com/tech/technology/china-stocks-seen-ready-for-sea-change-as-xis-tech-detente-lifts-sentiment/articleshow/118357556.cms,positive
The Times of India,Microsoft,stock market today dow jones tumbles  points as us inflation surges to  sp  and nasdaq also slide amid fed rate cut concerns,https://economictimes.indiatimes.com/news/international/us/stock-market-today-dow-jones-tumbles-400-points-as-us-inflation-surges-to-3-sp-500-and-nasdaq-also-slide-amid-fed-rate-cut-concerns/articleshow/118188047.cms,negative
The Atlantic,Microsoft,the false ai energy crisis,https://www.theatlantic.com/technology/archive/2025/02/ai-energy-crisis-fossil-fuels/681653/,neutral
Business Insider,Microsoft,the impact of trumps tariffs is already being felt,https://www.businessinsider.com/economic-impact-trump-trade-war-tariffs-influencers-gold-metals-2025-2,neutral
Motley Fool Australia,Microsoft,invested in the magnificent seven heres why this fundie doesnt hold  of the stocks,https://www.fool.com.au/2025/02/07/invested-in-the-magnificent-seven-heres-why-this-fundie-doesnt-hold-2-of-the-stocks/,neutral
The Irish Times,Microsoft,european shares rise as earnings hopes ease trade worries,https://www.irishtimes.com/business/2025/02/06/european-shares-rise-as-earnings-hopes-ease-trade-worries/,positive
CNBC,Microsoft,chinas deepseek has taken the world by storm here are the brains powering the ai sensation,https://www.cnbc.com/2025/02/19/china-deepseek-origin-story.html,neutral
Thurrott.com,Microsoft,microsoft brings more performance improvements to edge,https://www.thurrott.com/cloud/web-browsers/microsoft-edge/317384/microsoft-brings-more-performance-improvements-to-edge,positive
Windows Central,Microsoft,deepmind ceo claims google has the ingredients to maintain ai lead over deepseeks exaggerated success  after microsoft ceo satya nadella said google already missed the opportunity to be the default winner,https://www.windowscentral.com/software-apps/deepmind-ceo-claims-google-has-the-ingredients-to-maintain-ai-lead-over-deepseeks-exaggerated-success,negative
The Times of India,Microsoft,china stocks seen ready for change as xis tech detente lifts sentiment,https://economictimes.indiatimes.com/tech/technology/china-stocks-seen-ready-for-sea-change-as-xis-tech-detente-lifts-sentiment/articleshow/118357556.cms,positive
GlobeNewswire,Microsoft,ai in computer vision industry research  market forecasts competitive landscape key components technology trends applications industry verticals and regional analysis,https://www.globenewswire.com/news-release/2025/02/18/3027535/28124/en/AI-in-Computer-Vision-Industry-Research-2025-2030-Market-Forecasts-Competitive-Landscape-Key-Components-Technology-Trends-Applications-Industry-Verticals-and-Regional-Analysis.html,neutral
ETF Daily News,Microsoft,microsoft co nasdaqmsft shares bought by winthrop advisory group llc,https://www.etfdailynews.com/2025/02/19/microsoft-co-nasdaqmsft-shares-bought-by-winthrop-advisory-group-llc/,neutral
ETF Daily News,Microsoft,microsoft co nasdaqmsft shares bought by ewg elevate inc,https://www.etfdailynews.com/2025/02/19/microsoft-co-nasdaqmsft-shares-bought-by-ewg-elevate-inc/,neutral
ETF Daily News,Microsoft,microsoft co nasdaqmsft shares sold by eastover investment advisors llc,https://www.etfdailynews.com/2025/02/19/microsoft-co-nasdaqmsft-shares-sold-by-eastover-investment-advisors-llc/,neutral
ETF Daily News,Microsoft,heartwood wealth advisors llc purchases  shares of microsoft co nasdaqmsft,https://www.etfdailynews.com/2025/02/19/heartwood-wealth-advisors-llc-purchases-81-shares-of-microsoft-co-nasdaqmsft/,neutral
ETF Daily News,Microsoft,microsoft co nasdaqmsft shares purchased by ccm investment advisers llc,https://www.etfdailynews.com/2025/02/19/microsoft-co-nasdaqmsft-shares-purchased-by-ccm-investment-advisers-llc/,neutral
SiliconANGLE News,Microsoft,arista networks growth accelerates driven by big ai investments,https://siliconangle.com/2025/02/18/arista-networks-growth-accelerates-driven-big-ai-investments/,positive
SiliconANGLE News,Microsoft,arista networks growth accelerates driven by relentless ai investments,https://siliconangle.com/2025/02/18/arista-networks-growth-accelerates-driven-relentless-ai-investments/,positive
Financial Post,Microsoft,cisco ibm oracle show oldschool tech can be ai winners,https://financialpost.com/investing/cisco-ibm-oracle-can-be-ai-winners,neutral
ETF Daily News,Microsoft,sify technologies nasdaqsify vs kanzhun nasdaqbz financial contrast,https://www.etfdailynews.com/2025/02/18/sify-technologies-nasdaqsify-vs-kanzhun-nasdaqbz-financial-contrast/,neutral
ETF Daily News,Microsoft,headtohead survey hitek global nasdaqhkit vs cai nyseai,https://www.etfdailynews.com/2025/02/18/head-to-head-survey-hitek-global-nasdaqhkit-vs-c3-ai-nyseai/,neutral
newsBTC,Microsoft,cardano price eyes impulse move after bearish rsi divergence was invalidated heres the target,http://www.newsbtc.com/news/cardano/cardano-eyes-impulse-move/,neutral
Ambcrypto.com,Microsoft, lowcost altcoins with millionairemaking potential,https://ambcrypto.com/5-low-cost-altcoins-with-millionaire-making-potential/,neutral
Quartz India,Microsoft,palantir stock has been on a tear but a reckoning could come soon,https://qz.com/palantir-stock-earnings-sp500-nasdaq-2025-1851760754,neutral
Yahoo Entertainment,Microsoft,palantir stock has been on a tear but a reckoning could come soon,https://finance.yahoo.com/news/palantir-stock-tear-reckoning-could-100000008.html,neutral
Stockcharts.com,Microsoft,ai stocks and their impact on the stock market hype or reality,https://stockcharts.com/articles/chartwatchers/2025/01/ai-stocks-and-their-impact-on-548.html,neutral
Quartz India,Nvidia,super micro computer stock surges  as strong earnings raise hopes it wont be delisted,https://qz.com/super-micro-computer-strong-earnings-nasdaq-1851765286,positive
Quartz India,Nvidia,nvidia stock has clawed almost all the way back from the deepseek selloff,https://qz.com/nvidia-stock-ai-chips-deepseek-china-1851765288,negative
Business Insider,Nvidia,nvidia stock has cleared a big hurdle ahead of its hotly anticipated earnings next week,https://markets.businessinsider.com/news/stocks/nvidia-stock-price-q4-earnings-technical-levels-deepseek-ai-blackweel-2025-2,positive
Forbes,Nvidia,wall street has lowest exposure to cash since  as us stock exceptionalism peaks survey says,https://www.forbes.com/sites/dereksaul/2025/02/18/wall-street-has-lowest-exposure-to-cash-since-2010-as-us-stock-exceptionalism-peaks-survey-says/,negative
Business Insider,Nvidia,stock of the day this ai stock is  in the sp this year after a  weekly surge,https://markets.businessinsider.com/news/stocks/super-micro-computer-stock-price-soars-to-top-sp500-gainers-2025-2,neutral
Quartz India,Nvidia,super micro computer stock surges  as strong earnings raise hopes it wont be delisted,https://qz.com/super-micro-computer-strong-earnings-nasdaq-1851765286,positive
Slashdot.org,Nvidia,super micro stock rises heres whats next for smci  barrons,https://slashdot.org/firehose.pl?op=view&amp;id=176247711,neutral
CNA,Nvidia,taiwans ase sees  advanced packaging and testing revenue more than doubling to  billion,https://www.channelnewsasia.com/business/taiwans-ase-sees-2025-advanced-packaging-and-testing-revenue-more-doubling-16-billion-4936161,positive
Biztoc.com,Nvidia,dow jones futures fall ahead of cpi report powell nvidia partner super micro surges,https://biztoc.com/x/04fa4eb6ca51d023,negative
Slashdot.org,Nvidia,bullish confirmation coming says investor about super micro computer stock  tipranks,https://slashdot.org/firehose.pl?op=view&amp;id=176180817,neutral
Macworld,Nvidia,could apple take on nvidia with a standalone graphics card,https://www.macworld.com/article/2588395/why-isnt-apple-cashing-in-on-the-graphics-card-craze.html,neutral
CNBC,Nvidia,chinas deepseek has taken the world by storm here are the brains powering the ai sensation,https://www.cnbc.com/2025/02/19/china-deepseek-origin-story.html,neutral
Business Insider,Nvidia,nvidia stock has cleared a big hurdle ahead of its hotly anticipated earnings next week,https://markets.businessinsider.com/news/stocks/nvidia-stock-price-q4-earnings-technical-levels-deepseek-ai-blackweel-2025-2,positive
The Irish Times,Nvidia,european shares closed at record high as banking and defence stocks gain,https://www.irishtimes.com/business/2025/02/18/european-shares-closed-at-record-high-as-banking-and-defence-stocks-gain/,positive
Business Insider,Nvidia,bigname managers are piling into adtech stock applovin the newest hedge fund hotel,https://www.businessinsider.com/applovin-newest-hedge-fund-hotel-viking-d1-coatue-investors-2025-2,neutral
Securityaffairs.com,Nvidia,us cisa adds sonicwall sonicos and palo alto panos flaws to its known exploited vulnerabilities catalog,https://securityaffairs.com/174375/security/u-s-cisa-adds-sonicwall-sonicos-and-palo-alto-pan-os-flaws-to-its-known-exploited-vulnerabilities-catalog.html,negative
Naturalnews.com,Nvidia,elon musks xai unleashes grok  the smartest ai on earth,https://www.naturalnews.com/2025-02-19-elon-musks-xai-unleashes-grok-3-smartest-ai.html,neutral
Financial Post,Nvidia,purpose investments inc announces february  distributions,https://financialpost.com/globe-newswire/purpose-investments-inc-announces-february-2025-distributions,neutral
GlobeNewswire,Nvidia,purpose investments inc announces february  distributions,https://www.globenewswire.com/news-release/2025/02/19/3028407/0/en/Purpose-Investments-Inc-Announces-February-2025-Distributions.html,neutral
Securityaffairs.com,Nvidia,juniper networks fixed a critical flaw in session smart routers,https://securityaffairs.com/174365/security/juniper-networks-fixed-a-critical-flaw-in-session-smart-routers.html,negative
ETF Daily News,Nvidia,precedent wealth partners llc sells  shares of nvidia co nasdaqnvda,https://www.etfdailynews.com/2025/02/19/precedent-wealth-partners-llc-sells-93-shares-of-nvidia-co-nasdaqnvda/,neutral
ETF Daily News,Nvidia,affiance financial llc acquires  shares of nvidia co nasdaqnvda,https://www.etfdailynews.com/2025/02/19/affiance-financial-llc-acquires-838-shares-of-nvidia-co-nasdaqnvda/,neutral
ETF Daily News,Nvidia,first citizens bank  trust co has  million stock position in nvidia co nasdaqnvda,https://www.etfdailynews.com/2025/02/19/first-citizens-bank-trust-co-has-62-80-million-stock-position-in-nvidia-co-nasdaqnvda/,neutral
ETF Daily News,Nvidia,nvidia co nasdaqnvda position reduced by duncan williams asset management llc,https://www.etfdailynews.com/2025/02/19/nvidia-co-nasdaqnvda-position-reduced-by-duncan-williams-asset-management-llc/,neutral
ETF Daily News,Nvidia,harrell investment partners llc has  million position in nvidia co nasdaqnvda,https://www.etfdailynews.com/2025/02/19/harrell-investment-partners-llc-has-11-63-million-position-in-nvidia-co-nasdaqnvda/,neutral
MarketWatch,Nvidia,stocks defy tariffs deepseek drama toÂ post best presidential term start since ,https://www.marketwatch.com/story/stocks-defy-tariffs-deepseek-turmoil-in-trump2-0-topost-best-presidential-start-since-2013-d74ded8d,positive
Business Insider,Nvidia,nvidia stock has crossed a red line that points to more pain after this weeks deepseek rout,https://markets.businessinsider.com/news/stocks/nvidia-stock-price-outlook-technical-analysis-deepseek-ai-moving-average-2025-1,negative
Stockcharts.com,Nvidia,ai stocks and their impact on the stock market hype or reality,https://stockcharts.com/articles/chartwatchers/2025/01/ai-stocks-and-their-impact-on-548.html,neutral
Dailyreckoning.com,Nvidia,deepcrash,https://dailyreckoning.com/deep-crash/,neutral
Forbes,Nvidia,mag  valuations going into earnings,https://www.forbes.com/sites/chuckjones/2025/01/28/mag-7-valuations-going-into-earnings/,neutral
The Times of India,JPMorgan,we are at tail end of selling in the market larger part of pain may be over deven choksey,https://economictimes.indiatimes.com/markets/expert-view/we-are-at-tail-end-of-selling-in-the-market-larger-part-of-pain-may-be-over-deven-choksey/articleshow/118357875.cms,negative
BusinessLine,JPMorgan,stock market highlights  february  sensex nifty close flat,https://www.thehindubusinessline.com/markets/share-market-nifty-sensex-updates-19-february-2025/article69234539.ece,negative
Quartz India,JPMorgan,super micro computer stock surges  as strong earnings raise hopes it wont be delisted,https://qz.com/super-micro-computer-strong-earnings-nasdaq-1851765286,positive
Business Insider,JPMorgan,stock of the day this ai stock is  in the sp this year after a  weekly surge,https://markets.businessinsider.com/news/stocks/super-micro-computer-stock-price-soars-to-top-sp500-gainers-2025-2,neutral
BusinessLine,JPMorgan,stock market highlights  feb  sensex nifty close marginally weaker as it gains offset broader weakness,https://www.thehindubusinessline.com/markets/stock-market-highlights-february-18-2025/article69229908.ece,negative
Quartz India,JPMorgan,super micro computer stock surges  as strong earnings raise hopes it wont be delisted,https://qz.com/super-micro-computer-strong-earnings-nasdaq-1851765286,positive
BusinessLine,JPMorgan,stock market highlights  feb  sensex nifty close marginally weaker as it gains offset broader weakness,https://www.thehindubusinessline.com/markets/stock-market-highlights-february-18-2025/article69229908.ece,negative
Yahoo Entertainment,JPMorgan,airbnb stock surges as ceo aims to make app the amazon of travel and living,https://finance.yahoo.com/news/airbnb-stock-surges-as-ceo-aims-to-make-app-the-amazon-of-travel-and-living-154553097.html,positive
The Times of India,JPMorgan,stock market today dow jones tumbles  points as us inflation surges to  sp  and nasdaq also slide amid fed rate cut concerns,https://economictimes.indiatimes.com/news/international/us/stock-market-today-dow-jones-tumbles-400-points-as-us-inflation-surges-to-3-sp-500-and-nasdaq-also-slide-amid-fed-rate-cut-concerns/articleshow/118188047.cms,negative
The Times of India,JPMorgan,captain america star anthony mackie wants shah rukh khan as the next avenger  will bollywoods king enter the marvel universe,https://economictimes.indiatimes.com/news/international/us/captain-america-star-anthony-mackie-wants-shah-rukh-khan-as-the-next-avenger-will-bollywoods-king-enter-the-marvel-universe/articleshow/118181038.cms,neutral
ETF Daily News,JPMorgan,nations financial group inc ia adv makes new  investment in ft vest us equity deep buffer etf  november batsdnov,https://www.etfdailynews.com/2025/02/19/nations-financial-group-inc-ia-adv-makes-new-328000-investment-in-ft-vest-u-s-equity-deep-buffer-etf-november-batsdnov/,neutral
Economictimes.com,JPMorgan,stocks to buy in  ultratech cements glenmark pharma among top  ideas that could give  returns,https://m.economictimes.com/markets/stocks/news/stocks-to-buy-in-2025-ultratech-cements-glenmark-pharma-among-top-5-ideas-that-could-give-20-30-returns/brokerage-recommendations/slideshow/118376655.cms,positive
The Times of India,JPMorgan,we are at tail end of selling in the market larger part of pain may be over deven choksey,https://economictimes.indiatimes.com/markets/expert-view/we-are-at-tail-end-of-selling-in-the-market-larger-part-of-pain-may-be-over-deven-choksey/articleshow/118357875.cms,negative
BusinessLine,JPMorgan,stock market highlights  february  sensex nifty close flat,https://www.thehindubusinessline.com/markets/share-market-nifty-sensex-updates-19-february-2025/article69234539.ece,negative
Livemint,JPMorgan,record earnings mask less robust outlook for japanese companies,https://www.livemint.com/companies/company-results/record-earnings-mask-less-robust-outlook-for-japanese-companies-11739923334926.html,negative
ETF Daily News,JPMorgan,keycorp nysekey shares sold by new mexico educational retirement board,https://www.etfdailynews.com/2025/02/19/keycorp-nysekey-shares-sold-by-new-mexico-educational-retirement-board/,neutral
ETF Daily News,JPMorgan,gentex co nasdaqgntx position lessened by blue trust inc,https://www.etfdailynews.com/2025/02/19/gentex-co-nasdaqgntx-position-lessened-by-blue-trust-inc/,negative
ETF Daily News,JPMorgan,blue trust inc purchases  shares of yum china holdings inc nyseyumc,https://www.etfdailynews.com/2025/02/19/blue-trust-inc-purchases-4306-shares-of-yum-china-holdings-inc-nyseyumc/,neutral
ETF Daily News,JPMorgan,chevy chase trust holdings llc reduces holdings in federal realty investment trust nysefrt,https://www.etfdailynews.com/2025/02/19/chevy-chase-trust-holdings-llc-reduces-holdings-in-federal-realty-investment-trust-nysefrt/,negative
ETF Daily News,JPMorgan,asset management one co ltd has  million stock position in tanger inc nyseskt,https://www.etfdailynews.com/2025/02/19/asset-management-one-co-ltd-has-5-56-million-stock-position-in-tanger-inc-nyseskt/,neutral
ETF Daily News,JPMorgan,blue trust inc purchases  shares of yum china holdings inc nyseyumc,https://www.etfdailynews.com/2025/02/19/blue-trust-inc-purchases-4306-shares-of-yum-china-holdings-inc-nyseyumc/,neutral
ETF Daily News,JPMorgan,asset management one co ltd boosts holdings in biomarin pharmaceutical inc nasdaqbmrn,https://www.etfdailynews.com/2025/02/19/asset-management-one-co-ltd-boosts-holdings-in-biomarin-pharmaceutical-inc-nasdaqbmrn/,positive
ETF Daily News,JPMorgan,van eck associates corp has  million stock holdings in elf beauty inc nyseelf,https://www.etfdailynews.com/2025/02/19/van-eck-associates-corp-has-5-52-million-stock-holdings-in-e-l-f-beauty-inc-nyseelf/,neutral
ETF Daily News,JPMorgan,allspring global investments holdings llc has  million stock position in corpay inc nysecpay,https://www.etfdailynews.com/2025/02/19/allspring-global-investments-holdings-llc-has-8-07-million-stock-position-in-corpay-inc-nysecpay/,neutral
ETF Daily News,JPMorgan,rhumbline advisers decreases position in laboratory co of america holdings nyselh,https://www.etfdailynews.com/2025/02/19/rhumbline-advisers-decreases-position-in-laboratory-co-of-america-holdings-nyselh/,negative
BusinessLine,JPMorgan,stock market highlights  feb  sensex nifty close marginally weaker as it gains offset broader weakness,https://www.thehindubusinessline.com/markets/stock-market-highlights-february-18-2025/article69229908.ece,negative
Ambcrypto.com,JPMorgan,solana price explosion could etf approval catapult sol to  by q ,https://ambcrypto.com/solana-price-explosion-could-etf-approval-catapult-sol-to-550-by-q4-2025/,positive
BusinessLine,JPMorgan,share market highlights  february  sensex nifty see muted reaction as budget  prioritises consumption over capex,https://www.thehindubusinessline.com/markets/stock-market-highlights-1-february-2025/article69164334.ece,negative
The Times of India,Goldman Sachs, on nifty is doable but the path will be full of many more corrections ajay bagga,https://economictimes.indiatimes.com/markets/expert-view/26000-on-nifty-is-doable-but-the-path-will-be-full-of-a-lot-of-more-corrections-ajay-bagga/articleshow/118378180.cms,neutral
Yahoo Entertainment,Goldman Sachs,is conocophillips cop the best very cheap stock to buy right now,https://finance.yahoo.com/news/conocophillips-cop-best-very-cheap-032006146.html,neutral
Forbes,Goldman Sachs,as gold nears  wall street predicts it may head higher still,https://www.forbes.com/sites/gauravsharma/2025/02/18/as-gold-nears-3000-wall-street-predicts-it-may-head-higher-still/,positive
Quartz India,Goldman Sachs,goldman sachs says gold prices may keep surging as trumps trade war heats up,https://qz.com/goldman-sachs-gold-price-prediction-tariff-war-trump-1851765173,negative
Yahoo Entertainment,Goldman Sachs,applovin corporation app raises price target amid ai ad growth structural shifts,https://finance.yahoo.com/news/applovin-corporation-app-raises-price-124707097.html,positive
Forbes,Goldman Sachs,chinas economic crisis is tracking japans downturn in the s,https://www.forbes.com/sites/georgecalhoun/2025/02/15/chinas-economic-crisis-is-tracking-japans-downturn-in-the-1990s/,negative
Forbes,Goldman Sachs,buckle upglobal bitcoin race suddenly begins as price braces for important trump update,https://www.forbes.com/sites/digital-assets/2025/02/15/buckle-up-global-bitcoin-race-suddenly-begins-as-price-braces-for-important-trump-update/,neutral
Forbes,Goldman Sachs,goldman sachs is quietly betting billions on bitcoinis ripples xrp next as its price surges,https://www.forbes.com/sites/digital-assets/2025/02/14/goldman-sachs-is-quietly-betting-billions-on-bitcoin-and-ethereum-amid-price-swings/,neutral
Forbes,Goldman Sachs,goldman sachs is quietly betting billions on bitcoin and ethereum amid price swings,https://www.forbes.com/sites/digital-assets/2025/02/13/goldman-sachs-is-quietly-betting-billions-on-bitcoin-and-ethereum-amid-price-swings/,neutral
CoinDesk,Goldman Sachs,us bitcoin etfs see third straight day of outflows totaling m as btc stalls,https://www.coindesk.com/markets/2025/02/13/u-s-bitcoin-etf-sees-third-straight-day-of-outflows-totaling-usd494m-as-bitcoin-stalls,positive
CNA,Goldman Sachs,oil gains on us russia supply worries market seeks ukraine talks clarity,https://www.channelnewsasia.com/business/oil-gains-us-russia-supply-worries-market-seeks-ukraine-talks-clarity-4946431,negative
Forbes,Goldman Sachs,as gold nears  wall street predicts it may head higher still,https://www.forbes.com/sites/gauravsharma/2025/02/18/as-gold-nears-3000-wall-street-predicts-it-may-head-higher-still/,positive
Newsweek,Goldman Sachs,golds value continues surging amid trump tariffs,https://www.newsweek.com/golds-value-continues-surging-amid-trump-tariffs-2032797,positive
ETF Daily News,Goldman Sachs,keycorp nysekey shares sold by new mexico educational retirement board,https://www.etfdailynews.com/2025/02/19/keycorp-nysekey-shares-sold-by-new-mexico-educational-retirement-board/,neutral
ETF Daily News,Goldman Sachs,asset management one co ltd has  million stock position in tanger inc nyseskt,https://www.etfdailynews.com/2025/02/19/asset-management-one-co-ltd-has-5-56-million-stock-position-in-tanger-inc-nyseskt/,neutral
ETF Daily News,Goldman Sachs,fortune brands innovations inc nysefbin stock position lifted by savant capital llc,https://www.etfdailynews.com/2025/02/19/fortune-brands-innovations-inc-nysefbin-stock-position-lifted-by-savant-capital-llc/,neutral
ETF Daily News,Goldman Sachs,alliance wealth advisors llc sells  shares of alphabet inc nasdaqgoogl,https://www.etfdailynews.com/2025/02/19/alliance-wealth-advisors-llc-sells-64-shares-of-alphabet-inc-nasdaqgoogl/,neutral
ETF Daily News,Goldman Sachs,investment advisory services inc tx adv purchases  shares of alphabet inc nasdaqgoogl,https://www.etfdailynews.com/2025/02/19/investment-advisory-services-inc-tx-adv-purchases-254-shares-of-alphabet-inc-nasdaqgoogl/,neutral
ETF Daily News,Goldman Sachs,alliance wealth advisors llc sells  shares of alphabet inc nasdaqgoogl,https://www.etfdailynews.com/2025/02/19/alliance-wealth-advisors-llc-sells-64-shares-of-alphabet-inc-nasdaqgoogl/,neutral
ETF Daily News,Goldman Sachs,investment advisory services inc tx adv purchases  shares of alphabet inc nasdaqgoogl,https://www.etfdailynews.com/2025/02/19/investment-advisory-services-inc-tx-adv-purchases-254-shares-of-alphabet-inc-nasdaqgoogl/,neutral
ETF Daily News,Goldman Sachs,stoneridge investment partners llc has  million stake in alphabet inc nasdaqgoogl,https://www.etfdailynews.com/2025/02/19/stoneridge-investment-partners-llc-has-7-08-million-stake-in-alphabet-inc-nasdaqgoogl/,neutral
ETF Daily News,Goldman Sachs,apa co nasdaqapa shares acquired by new york state teachers retirement system,https://www.etfdailynews.com/2025/02/19/apa-co-nasdaqapa-shares-acquired-by-new-york-state-teachers-retirement-system/,neutral
ETF Daily News,Goldman Sachs,new york state teachers retirement system lowers holdings in ralph lauren co nyserl,https://www.etfdailynews.com/2025/02/19/new-york-state-teachers-retirement-system-lowers-holdings-in-ralph-lauren-co-nyserl/,negative
The Daily Hodl,Goldman Sachs,exgoldman sachs executive says bitcoin ethereum solana and sui all look bullish amid greatest macro trade,https://dailyhodl.com/2025/02/17/ex-goldman-sachs-executive-says-bitcoin-ethereum-solana-and-sui-all-look-bullish-amid-greatest-macro-trade/,positive
Forbes,Goldman Sachs,chinas economic crisis is tracking japans downturn in the s,https://www.forbes.com/sites/georgecalhoun/2025/02/15/chinas-economic-crisis-is-tracking-japans-downturn-in-the-1990s/,negative
Motley Fool Australia,Goldman Sachs,how could this iron ore forecast impact bhp shares,https://www.fool.com.au/2025/02/07/how-could-this-iron-ore-forecast-impact-bhp-shares/,negative
Rigzone,Goldman Sachs,oil prices slip amid tariff threats and russia sanctions,https://www.rigzone.com/news/wire/oil_prices_slip_amid_tariff_threats_and_russia_sanctions-22-jan-2025-179399-article/,negative
Motley Fool Australia,Goldman Sachs,qantas share price soars to new alltime high today,https://www.fool.com.au/2025/01/22/qantas-share-price-soars-to-new-all-time-high-today/,positive
OilPrice.com,ExxonMobil,oil prices rise despite multiple bearish catalysts,https://oilprice.com/Energy/Energy-General/Oil-Prices-Rise-Despite-Multiple-Bearish-Catalysts.html,positive
OilPrice.com,ExxonMobil,oil markets largely unfazed by political turmoil of trumps first week,https://oilprice.com/Energy/Energy-General/Oil-Markets-Largely-Unfazed-by-Political-Turmoil-of-Trumps-First-Week.html,neutral
OilPrice.com,ExxonMobil,the uae signals a strategic realignment as trump returns to office,https://oilprice.com/Energy/Energy-General/The-UAE-Signals-a-Strategic-Realignment-as-Trump-Returns-to-Office.html,positive
Rigzone,ExxonMobil,us ftc finalizes agreement with chevron hess on merger concerns,https://www.rigzone.com/news/us_ftc_finalizes_agreement_with_chevron_hess_on_merger_concerns-20-jan-2025-179366-article/,positive
GlobeNewswire,ExxonMobil,grey hydrogen market valuation to hit us  billion by   astute analytica,https://www.globenewswire.com/news-release/2025/01/28/3016614/0/en/Grey-Hydrogen-Market-Valuation-to-Hit-US-1-222-69-Billion-By-2050-Astute-Analytica.html,neutral
Financial Post,ExxonMobil,imperial ceo brad corson to step down from oilsands giant in may,https://financialpost.com/commodities/energy/oil-gas/imperial-oil-ceo-step-down-may,neutral
OilPrice.com,ExxonMobil,trumps new tariffs boost oil prices despite potential demand consequences,https://oilprice.com/Energy/Energy-General/Trumps-New-Tariffs-Boost-Oil-Prices-Despite-Potential-Demand-Consequences.html,positive
OilPrice.com,ExxonMobil,the natural gas piece of trumps controversial gaza plan,https://oilprice.com/Energy/Energy-General/The-Natural-Gas-Piece-of-Trumps-Controversial-Gaza-Plan.html,neutral
Resilience,ExxonMobil,artificial intelligence and the lost ark,https://www.resilience.org/stories/2025-02-03/artificial-intelligence-and-the-lost-ark/,neutral
Business Insider,ExxonMobil,aviation experts have been warning about the risk of a passenger aircraft collision for years,https://www.businessinsider.com/why-aviation-experts-warning-plane-collision-years-conjestion-american-airlines-2025-1,negative
ETF Daily News,ExxonMobil,north european oil royalty trust nysenrt upgraded at stocknewscom,https://www.etfdailynews.com/2025/02/17/north-european-oil-royalty-trust-nysenrt-upgraded-at-stocknews-com/,neutral
Bangkok Post,ExxonMobil,investors are fleeing references to climate change,https://www.bangkokpost.com/opinion/opinion/2962271/investors-are-fleeing-references-to-climate-change,negative
Truthout,ExxonMobil,data on corporate pollution and emissions now threatened under trump,https://truthout.org/articles/data-on-corporate-pollution-and-emissions-now-threatened-under-trump/,neutral
OilPrice.com,ExxonMobil,oil prices rise despite multiple bearish catalysts,https://oilprice.com/Energy/Energy-General/Oil-Prices-Rise-Despite-Multiple-Bearish-Catalysts.html,positive
Financial Post,ExxonMobil,sustainable investors flee references to climate change,https://financialpost.com/pmn/business-pmn/sustainable-investors-flee-references-to-climate-change,neutral
OilPrice.com,ExxonMobil,the natural gas piece of trumps controversial gaza plan,https://oilprice.com/Energy/Energy-General/The-Natural-Gas-Piece-of-Trumps-Controversial-Gaza-Plan.html,neutral
Themattwalshblog.com,ExxonMobil,edward jones gold ira do they offer this service,https://www.themattwalshblog.com/edward-jones-gold-ira/,neutral
OilPrice.com,ExxonMobil,totalenergies tops q profit estimates on strong lng trading,https://oilprice.com/Latest-Energy-News/World-News/TotalEnergies-Tops-Q4-Profit-Estimates-on-Strong-LNG-Trading.html,positive
OilPrice.com,ExxonMobil,record permian and guyana output helps exxon beat q earnings estimates,https://oilprice.com/Latest-Energy-News/World-News/Record-Permian-and-Guyana-Output-Helps-Exxon-Beat-Q4-Earnings-Estimates.html,positive
Slashdot.org,ExxonMobil,exxon stock rises slightly after earnings beat  barrons,https://slashdot.org/firehose.pl?op=view&amp;id=176089565,positive
Protothema.gr,Chevron,from rolling suitcases to the christian taliban vdls jabs at macron the plus reshuffle dreyfus and savvidis and the digital holy business,https://en.protothema.gr/2025/02/19/from-rolling-suitcases-to-the-christian-taliban-vdls-jabs-at-macron-the-plus-reshuffle-dreyfus-and-savvidis-and-the-digital-holy-business/,neutral
BusinessLine,Chevron,stock market highlights  february  sensex nifty close flat,https://www.thehindubusinessline.com/markets/share-market-nifty-sensex-updates-19-february-2025/article69234539.ece,negative
OilPrice.com,Chevron,drone attack boosts oil prices but upside remains limited,https://oilprice.com/Energy/Energy-General/Drone-Attack-Boosts-Oil-Prices-but-Upside-Remains-Limited.html,negative
National Observer,Chevron,leaked guestlist shows oil execs and conservatives from canada and us gathering at jordan petersons conference,https://www.nationalobserver.com/2025/02/17/news/oil-execs-conservatives-canada-us-jordan-peterson,neutral
OilPrice.com,Chevron,oil prices rise despite multiple bearish catalysts,https://oilprice.com/Energy/Energy-General/Oil-Prices-Rise-Despite-Multiple-Bearish-Catalysts.html,positive
BusinessLine,Chevron,share market highlights  february  sensex nifty end lower as investors turn cautious ahead of trumpmodi meeting,https://www.thehindubusinessline.com/markets/share-market-highlights-13-february-2025/article69211647.ece,negative
The Atlantic,Chevron,the false ai energy crisis,https://www.theatlantic.com/technology/archive/2025/02/ai-energy-crisis-fossil-fuels/681653/,neutral
Financial Post,Chevron,oil surges as trump tariff plans usher in start of trade wars,https://financialpost.com/pmn/business-pmn/oil-surges-as-trump-tariff-plans-usher-in-start-of-trade-wars,positive
BusinessLine,Chevron,share market highlights  january  markets continue rally as economic survey predicts progrowth budget sensex leaps  pts to close at  nifty ends above ,https://www.thehindubusinessline.com/markets/stock-market-highlights-31-january-2025/article69159379.ece,positive
GlobeNewswire,Chevron,grey hydrogen market valuation to hit us  billion by   astute analytica,https://www.globenewswire.com/news-release/2025/01/28/3016614/0/en/Grey-Hydrogen-Market-Valuation-to-Hit-US-1-222-69-Billion-By-2050-Astute-Analytica.html,neutral
BusinessLine,Chevron,crude oil futures rise marginally due to supply disruptions,https://www.thehindubusinessline.com/markets/commodities/crude-oil-futures-rise-marginally-due-to-supply-disruptions/article69236788.ece,negative
BusinessLine,Chevron,stock market highlights  february  sensex nifty close flat,https://www.thehindubusinessline.com/markets/share-market-nifty-sensex-updates-19-february-2025/article69234539.ece,negative
Newsweek,Chevron,texas to become biggest state by  as center of gravity shifts south,https://www.newsweek.com/texas-become-biggest-state-2045-center-gravity-shifts-south-2031011,positive
The Times of India,Chevron,wall street ends higher after trump unveils tariff plan,https://economictimes.indiatimes.com/markets/stocks/news/wall-street-ends-higher-after-trump-unveils-tariff-plan/articleshow/118230452.cms,positive
Rigzone,Chevron,elliott pushes big cost cuts at bp to preserve its independence,https://www.rigzone.com/news/wire/elliott_pushes_big_cost_cuts_at_bp_to_preserve_its_independence-13-feb-2025-179624-article/,positive
Protothema.gr,Chevron,from rolling suitcases to the christian taliban vdls jabs at macron the plus reshuffle dreyfus and savvidis and the digital holy business,https://en.protothema.gr/2025/02/19/from-rolling-suitcases-to-the-christian-taliban-vdls-jabs-at-macron-the-plus-reshuffle-dreyfus-and-savvidis-and-the-digital-holy-business/,neutral
Bangkok Post,Chevron,investors are fleeing references to climate change,https://www.bangkokpost.com/opinion/opinion/2962271/investors-are-fleeing-references-to-climate-change,negative
ETF Daily News,Chevron,allspring global investments holdings llc raises stake in nike inc nysenke,https://www.etfdailynews.com/2025/02/16/allspring-global-investments-holdings-llc-raises-stake-in-nike-inc-nysenke/,neutral
ETF Daily News,Chevron,investors buy large volume of chevron call options nysecvx,https://www.etfdailynews.com/2025/02/15/investors-buy-large-volume-of-chevron-call-options-nysecvx/,neutral
BusinessLine,Chevron,stock market highlights  february  sensex nifty close flat,https://www.thehindubusinessline.com/markets/share-market-nifty-sensex-updates-19-february-2025/article69234539.ece,negative
NBC News,Chevron,from tariffs to doge what companies are saying about the impact of maga policies,https://www.nbcnews.com/business/business-news/tariffs-doge-show-trump-maga-impact-american-companies-rcna192492,neutral
Rigzone,Chevron,chevron vp confirms job cuts,https://www.rigzone.com/news/chevron_vice_chairman_confirms_job_cuts-17-feb-2025-179655-article/,negative
CNBC,Chevron,from tariffs to doge what companies are saying about the impact of maga policies,https://www.cnbc.com/2025/02/17/tariffs-and-doge-what-companies-say-about-the-impact-of-maga-policies.html,neutral
ETF Daily News,Chevron,allspring global investments holdings llc raises stake in nike inc nysenke,https://www.etfdailynews.com/2025/02/16/allspring-global-investments-holdings-llc-raises-stake-in-nike-inc-nysenke/,neutral
Realinvestmentadvice.com,S&P 500,gold is getting ahead of itself,https://realinvestmentadvice.com/resources/blog/gold-is-getting-ahead-of-itself/,positive
newsBTC,S&P 500,bitcoin meets fiscal reality fidelitys timmer predicts whats next,http://www.newsbtc.com/news/bitcoin/bitcoin-meets-fiscal-reality-fidelity-timmer/,neutral
The Punch,S&P 500,asian markets swing as traders assess tariff threats usrussia talks,https://punchng.com/asian-markets-swing-as-traders-assess-tariff-threats-us-russia-talks/,negative
WDIV ClickOnDetroit,S&P 500,stock market today asia stocks mixed as chinese technology stocks slip,https://www.clickondetroit.com/business/2025/02/19/stock-market-today-asia-stocks-mixed-as-chinese-technology-stocks-slip/,negative
seattlepi.com,S&P 500,stock market today asia stocks mixed as chinese technology stocks slip,https://www.seattlepi.com/news/world/article/stock-market-today-asia-stocks-mixed-as-chinese-20174667.php,negative
Wattsupwiththat.com,S&P 500,weekly climate and energy news roundup ,https://wattsupwiththat.com/2025/02/17/weekly-climate-and-energy-news-roundup-631/,neutral
Biztoc.com,S&P 500,nasdaq surges above  crude oil moves lower,https://biztoc.com/x/368324e359a3e69a,positive
Biztoc.com,S&P 500,nasdaq surges  points cisco earnings top views,https://biztoc.com/x/3859c1385394ae8c,positive
BusinessLine,S&P 500,share market highlights  february  sensex nifty end lower as investors turn cautious ahead of trumpmodi meeting,https://www.thehindubusinessline.com/markets/share-market-highlights-13-february-2025/article69211647.ece,negative
The Times of India,S&P 500,todays horoscope for february   big changes await aries taurus gemini  more  love luck  career insights,https://economictimes.indiatimes.com/news/international/us/todays-horoscope-for-february-13-2025-big-changes-await-aries-taurus-gemini-more-love-luck-career-insights/articleshow/118188220.cms,neutral
BusinessLine,S&P 500,markets open flat amid us tariff concerns pharma stocks tumble on trumps  tax threat,https://www.thehindubusinessline.com/markets/markets-open-flat-amid-us-tariff-concerns-pharma-stocks-tumble-on-trumps-25-tax-threat/article69236795.ece,negative
The Times of India,S&P 500,tech heavyweights drag sensex over  points lower nifty below ,https://economictimes.indiatimes.com/markets/stocks/news/tech-heavyweight-drag-sensex-over-300-points-lower-nifty-below-22900/articleshow/118374313.cms,negative
The Times of India,S&P 500,sp  ekes out alltime closing high as fed minutes eyed,https://economictimes.indiatimes.com/markets/stocks/news/sp-500-ekes-out-all-time-closing-high-as-fed-minutes-eyed/articleshow/118371773.cms,neutral
Yahoo Entertainment,S&P 500,stock market today sp  dow nasdaq futures drift higher after benchmark sets fresh record,https://finance.yahoo.com/news/live/stock-market-today-sp-500-dow-nasdaq-futures-drift-higher-after-benchmark-sets-fresh-record-011408519.html,positive
CNBC,S&P 500,cnbc daily open the sp  closed at a new high  investors remain unfazed amid trumps blitz,https://www.cnbc.com/2025/02/19/cnbc-daily-open-the-sp-500-closed-at-a-new-high-amid-trumps-blitz.html,negative
Realinvestmentadvice.com,S&P 500,gold is getting ahead of itself,https://realinvestmentadvice.com/resources/blog/gold-is-getting-ahead-of-itself/,positive
ETF Daily News,S&P 500,new mexico educational retirement board has  holdings in camden property trust nysecpt,https://www.etfdailynews.com/2025/02/19/new-mexico-educational-retirement-board-has-592000-holdings-in-camden-property-trust-nysecpt/,neutral
ETF Daily News,S&P 500,vontobel holding ltd has  million stock position in corning incorporated nyseglw,https://www.etfdailynews.com/2025/02/19/vontobel-holding-ltd-has-1-16-million-stock-position-in-corning-incorporated-nyseglw/,neutral
ETF Daily News,S&P 500,camden property trust nysecpt shares sold by louisiana state employees retirement system,https://www.etfdailynews.com/2025/02/19/camden-property-trust-nysecpt-shares-sold-by-louisiana-state-employees-retirement-system/,neutral
ETF Daily News,S&P 500,vontobel holding ltd has  stock holdings in ventas inc nysevtr,https://www.etfdailynews.com/2025/02/19/vontobel-holding-ltd-has-992000-stock-holdings-in-ventas-inc-nysevtr/,neutral
ETF Daily News,S&P 500,vontobel holding ltd has  million stock position in corning incorporated nyseglw,https://www.etfdailynews.com/2025/02/19/vontobel-holding-ltd-has-1-16-million-stock-position-in-corning-incorporated-nyseglw/,neutral
ETF Daily News,S&P 500,vontobel holding ltd has  stock holdings in ventas inc nysevtr,https://www.etfdailynews.com/2025/02/19/vontobel-holding-ltd-has-992000-stock-holdings-in-ventas-inc-nysevtr/,neutral
ETF Daily News,S&P 500,head to head comparison magnera magn and the competition,https://www.etfdailynews.com/2025/02/19/head-to-head-comparison-magnera-magn-and-the-competition-2/,neutral
ETF Daily News,S&P 500,financial analysis green thumb industries gtbif vs its rivals,https://www.etfdailynews.com/2025/02/19/financial-analysis-green-thumb-industries-gtbif-vs-its-rivals/,neutral
ETF Daily News,S&P 500,green thumb industries gtbif and its rivals financial comparison,https://www.etfdailynews.com/2025/02/19/green-thumb-industries-gtbif-and-its-rivals-financial-comparison/,neutral
newsBTC,S&P 500,bitcoin meets fiscal reality fidelitys timmer predicts whats next,http://www.newsbtc.com/news/bitcoin/bitcoin-meets-fiscal-reality-fidelity-timmer/,neutral
Business Insider,S&P 500,everyday investors and big institutions are divided on the future of the stock market,https://markets.businessinsider.com/news/stocks/stock-market-outlook-sentiment-bullish-bearish-trade-war-inflation-trump-2025-2,neutral
Realinvestmentadvice.com,S&P 500,retail exuberance sets market up for a correction,https://realinvestmentadvice.com/resources/blog/retail-exuberance-sets-market-up-for-a-correction/,positive
Stockcharts.com,S&P 500,here are two great earnings reports this past quarter,https://stockcharts.com/articles/tradingplaces/2025/02/here-are-two-great-earnings-re-856.html,neutral
The Times of India,S&P 500, strategies that can help investors in this falling market,https://economictimes.indiatimes.com/markets/stocks/news/5-strategies-that-can-help-investors-in-this-falling-market/articleshow/118269775.cms,neutral
WDIV ClickOnDetroit,Nasdaq,stock market today asia stocks mixed as chinese technology stocks slip,https://www.clickondetroit.com/business/2025/02/19/stock-market-today-asia-stocks-mixed-as-chinese-technology-stocks-slip/,negative
seattlepi.com,Nasdaq,stock market today asia stocks mixed as chinese technology stocks slip,https://www.seattlepi.com/news/world/article/stock-market-today-asia-stocks-mixed-as-chinese-20174667.php,negative
Yahoo Entertainment,Nasdaq,is conocophillips cop the best very cheap stock to buy right now,https://finance.yahoo.com/news/conocophillips-cop-best-very-cheap-032006146.html,neutral
Yahoo Entertainment,Nasdaq,stock market today sp  dow nasdaq futures stall with fresh tariffs fed minutes in focus,https://finance.yahoo.com/news/live/stock-market-today-sp-500-dow-nasdaq-futures-stall-with-fresh-tariffs-fed-minutes-in-focus-011408495.html,negative
Quartz India,Nasdaq,super micro computer stock surges  as strong earnings raise hopes it wont be delisted,https://qz.com/super-micro-computer-strong-earnings-nasdaq-1851765286,positive
Biztoc.com,Nasdaq,nasdaq surges above  crude oil moves lower,https://biztoc.com/x/368324e359a3e69a,positive
Slashdot.org,Nasdaq,super micro stock rises heres whats next for smci  barrons,https://slashdot.org/firehose.pl?op=view&amp;id=176247711,neutral
Investor's Business Daily,Nasdaq,dow jones futures fall after weak retail sales gamestop surges on bitcoin talk,https://www.investors.com/market-trend/stock-market-today/dow-jones-sp500-nasdaq-gamestop-stock-gme-bitcoin/,negative
Biztoc.com,Nasdaq,cyberark q revenue surges  subscription and strong arr clock strong growth,https://biztoc.com/x/e084cdda5b4048e6,positive
BusinessLine,Nasdaq,markets open flat amid us tariff concerns pharma stocks tumble on trumps  tax threat,https://www.thehindubusinessline.com/markets/markets-open-flat-amid-us-tariff-concerns-pharma-stocks-tumble-on-trumps-25-tax-threat/article69236795.ece,negative
The Times of India,Nasdaq,tech heavyweights drag sensex over  points lower nifty below ,https://economictimes.indiatimes.com/markets/stocks/news/tech-heavyweight-drag-sensex-over-300-points-lower-nifty-below-22900/articleshow/118374313.cms,negative
The Times of India,Nasdaq,sp  ekes out alltime closing high as fed minutes eyed,https://economictimes.indiatimes.com/markets/stocks/news/sp-500-ekes-out-all-time-closing-high-as-fed-minutes-eyed/articleshow/118371773.cms,neutral
Yahoo Entertainment,Nasdaq,stock market today sp  dow nasdaq futures drift higher after benchmark sets fresh record,https://finance.yahoo.com/news/live/stock-market-today-sp-500-dow-nasdaq-futures-drift-higher-after-benchmark-sets-fresh-record-011408519.html,positive
CNBC,Nasdaq,cnbc daily open the sp  closed at a new high  investors remain unfazed amid trumps blitz,https://www.cnbc.com/2025/02/19/cnbc-daily-open-the-sp-500-closed-at-a-new-high-amid-trumps-blitz.html,negative
ETF Daily News,Nasdaq,nations financial group inc ia adv sells  shares of xcel energy inc nasdaqxel,https://www.etfdailynews.com/2025/02/19/nations-financial-group-inc-ia-adv-sells-3716-shares-of-xcel-energy-inc-nasdaqxel/,neutral
ETF Daily News,Nasdaq,savant capital llc invests  in eagle bancorp inc nasdaqegbn,https://www.etfdailynews.com/2025/02/19/savant-capital-llc-invests-231000-in-eagle-bancorp-inc-nasdaqegbn/,neutral
ETF Daily News,Nasdaq,new york state teachers retirement system cuts position in biotechne co nasdaqtech,https://www.etfdailynews.com/2025/02/19/new-york-state-teachers-retirement-system-cuts-position-in-bio-techne-co-nasdaqtech/,negative
ETF Daily News,Nasdaq,bcr wealth strategies llc has  million stake in meta platforms inc nasdaqmeta,https://www.etfdailynews.com/2025/02/19/bcr-wealth-strategies-llc-has-1-45-million-stake-in-meta-platforms-inc-nasdaqmeta/,neutral
ETF Daily News,Nasdaq,international assets investment management llc has  million holdings in apple inc nasdaqaapl,https://www.etfdailynews.com/2025/02/19/international-assets-investment-management-llc-has-118-06-million-holdings-in-apple-inc-nasdaqaapl/,neutral
ETF Daily News,Nasdaq,new york state teachers retirement system reduces position in sarepta therapeutics inc nasdaqsrpt,https://www.etfdailynews.com/2025/02/19/new-york-state-teachers-retirement-system-reduces-position-in-sarepta-therapeutics-inc-nasdaqsrpt/,negative
ETF Daily News,Nasdaq,align technology inc nasdaqalgn shares sold by new mexico educational retirement board,https://www.etfdailynews.com/2025/02/19/align-technology-inc-nasdaqalgn-shares-sold-by-new-mexico-educational-retirement-board/,neutral
ETF Daily News,Nasdaq,bcr wealth strategies llc has  million stake in meta platforms inc nasdaqmeta,https://www.etfdailynews.com/2025/02/19/bcr-wealth-strategies-llc-has-1-45-million-stake-in-meta-platforms-inc-nasdaqmeta/,neutral
ETF Daily News,Nasdaq,international assets investment management llc has  million holdings in apple inc nasdaqaapl,https://www.etfdailynews.com/2025/02/19/international-assets-investment-management-llc-has-118-06-million-holdings-in-apple-inc-nasdaqaapl/,neutral
ETF Daily News,Nasdaq,park national corp oh has  million position in apple inc nasdaqaapl,https://www.etfdailynews.com/2025/02/19/park-national-corp-oh-has-125-76-million-position-in-apple-inc-nasdaqaapl/,neutral
Business Insider,Nasdaq,everyday investors and big institutions are divided on the future of the stock market,https://markets.businessinsider.com/news/stocks/stock-market-outlook-sentiment-bullish-bearish-trade-war-inflation-trump-2025-2,neutral
Forbes,Nasdaq,stocks this month buy vf corporation and atlassian,https://www.forbes.com/sites/greatspeculations/2025/02/16/stocks-this-month-buy-vf-corporation-and-atlassian/,neutral
Investor's Business Daily,Nasdaq,investing action plan walmart rivian and warren buffetts favorite oil stock to report,https://www.investors.com/research/investing-action-plan/investing-action-plan-walmart-rivian-and-warren-buffetts-favorite-oil-stock-to-report/,neutral
Forbes,Nasdaq, below book value stocks reasonable pes and paying dividends,https://www.forbes.com/sites/johnnavin/2025/02/14/4-below-book-value-stocks-reasonable-pes-and-paying-dividends/,neutral
Ambcrypto.com,Nasdaq, lowcost altcoins with millionairemaking potential,https://ambcrypto.com/5-low-cost-altcoins-with-millionaire-making-potential/,neutral
WDIV ClickOnDetroit,Dow Jones,stock market today asia stocks mixed as chinese technology stocks slip,https://www.clickondetroit.com/business/2025/02/19/stock-market-today-asia-stocks-mixed-as-chinese-technology-stocks-slip/,negative
seattlepi.com,Dow Jones,stock market today asia stocks mixed as chinese technology stocks slip,https://www.seattlepi.com/news/world/article/stock-market-today-asia-stocks-mixed-as-chinese-20174667.php,negative
Yahoo Entertainment,Dow Jones,stock market today sp  dow nasdaq futures stall with fresh tariffs fed minutes in focus,https://finance.yahoo.com/news/live/stock-market-today-sp-500-dow-nasdaq-futures-stall-with-fresh-tariffs-fed-minutes-in-focus-011408495.html,negative
Yahoo Entertainment,Dow Jones,stock market today sp  dow nasdaq futures drift higher after benchmark sets fresh record,https://finance.yahoo.com/news/live/stock-market-today-sp-500-dow-nasdaq-futures-drift-higher-after-benchmark-sets-fresh-record-011408519.html,positive
Biztoc.com,Dow Jones,dow jones futures fall after weak retail sales gamestop surges on bitcoin talk,https://biztoc.com/x/1cec1609943864f0,negative
Investor's Business Daily,Dow Jones,dow jones futures fall after weak retail sales gamestop surges on bitcoin talk,https://www.investors.com/market-trend/stock-market-today/dow-jones-sp500-nasdaq-gamestop-stock-gme-bitcoin/,negative
Biztoc.com,Dow Jones,dow surges  points as trump rolls out reciprocal tariffs,https://biztoc.com/x/a0060f2cc53e9fb3,positive
The Times of India,Dow Jones,todays horoscope for february   big changes await aries taurus gemini  more  love luck  career insights,https://economictimes.indiatimes.com/news/international/us/todays-horoscope-for-february-13-2025-big-changes-await-aries-taurus-gemini-more-love-luck-career-insights/articleshow/118188220.cms,neutral
The Times of India,Dow Jones,stock market today dow jones tumbles  points as us inflation surges to  sp  and nasdaq also slide amid fed rate cut concerns,https://economictimes.indiatimes.com/news/international/us/stock-market-today-dow-jones-tumbles-400-points-as-us-inflation-surges-to-3-sp-500-and-nasdaq-also-slide-amid-fed-rate-cut-concerns/articleshow/118188047.cms,negative
The Times of India,Dow Jones,sp  ekes out alltime closing high as fed minutes eyed,https://economictimes.indiatimes.com/markets/stocks/news/sp-500-ekes-out-all-time-closing-high-as-fed-minutes-eyed/articleshow/118371773.cms,neutral
Yahoo Entertainment,Dow Jones,stock market today sp  dow nasdaq futures drift higher after benchmark sets fresh record,https://finance.yahoo.com/news/live/stock-market-today-sp-500-dow-nasdaq-futures-drift-higher-after-benchmark-sets-fresh-record-011408519.html,positive
CNBC,Dow Jones,cnbc daily open the sp  closed at a new high  investors remain unfazed amid trumps blitz,https://www.cnbc.com/2025/02/19/cnbc-daily-open-the-sp-500-closed-at-a-new-high-amid-trumps-blitz.html,negative
Newsweek,Dow Jones,nike sees stock bump after kim kardashian skims deal announced,https://www.newsweek.com/nike-sees-stock-bump-after-kim-kardashian-skims-deal-2032941,positive
Newser,Dow Jones,sp  climbs to new record high,https://www.newser.com/story/364488/sp-500-hits-new-all-time-high.html,positive
ETF Daily News,Dow Jones,louisiana state employees retirement system lowers position in news co nasdaqnwsa,https://www.etfdailynews.com/2025/02/19/louisiana-state-employees-retirement-system-lowers-position-in-news-co-nasdaqnwsa/,negative
ETF Daily News,Dow Jones,new mexico educational retirement board has  stock position in news co nasdaqnwsa,https://www.etfdailynews.com/2025/02/19/new-mexico-educational-retirement-board-has-496000-stock-position-in-news-co-nasdaqnwsa/,neutral
ETF Daily News,Dow Jones,news co nasdaqnws stock position reduced by chevy chase trust holdings llc,https://www.etfdailynews.com/2025/02/19/news-co-nasdaqnws-stock-position-reduced-by-chevy-chase-trust-holdings-llc/,neutral
CNBC,Dow Jones,cnbc daily open the sp  notches a record  investors are unfazed by trumps blitz,https://www.cnbc.com/2025/02/19/cnbc-daily-open-the-sp-500-notches-a-record-amid-trump-uncertainty.html,positive
WDIV ClickOnDetroit,Dow Jones,stock market today asia stocks mixed as chinese technology stocks slip,https://www.clickondetroit.com/business/2025/02/19/stock-market-today-asia-stocks-mixed-as-chinese-technology-stocks-slip/,negative
ETF Daily News,Dow Jones,louisiana state employees retirement system lowers position in news co nasdaqnwsa,https://www.etfdailynews.com/2025/02/19/louisiana-state-employees-retirement-system-lowers-position-in-news-co-nasdaqnwsa/,negative
ETF Daily News,Dow Jones,new mexico educational retirement board has  stock position in news co nasdaqnwsa,https://www.etfdailynews.com/2025/02/19/new-mexico-educational-retirement-board-has-496000-stock-position-in-news-co-nasdaqnwsa/,neutral
ETF Daily News,Dow Jones,news co nasdaqnws stock position reduced by chevy chase trust holdings llc,https://www.etfdailynews.com/2025/02/19/news-co-nasdaqnws-stock-position-reduced-by-chevy-chase-trust-holdings-llc/,neutral
Yahoo Entertainment,Dow Jones,stock market today sp  dow nasdaq futures drift higher after benchmark sets fresh record,https://finance.yahoo.com/news/live/stock-market-today-sp-500-dow-nasdaq-futures-drift-higher-after-benchmark-sets-fresh-record-011408519.html,positive
Motley Fool Australia,Dow Jones, things to watch on the asx  on wednesday,https://www.fool.com.au/2025/02/19/5-things-to-watch-on-the-asx-200-on-wednesday-19-february-2025/,neutral
Investor's Business Daily,Dow Jones,investing action plan walmart rivian and warren buffetts favorite oil stock to report,https://www.investors.com/research/investing-action-plan/investing-action-plan-walmart-rivian-and-warren-buffetts-favorite-oil-stock-to-report/,neutral
Stockcharts.com,Dow Jones,are trumps  tariffs a gamechanger for steel stocks heres what to watch now,https://stockcharts.com/articles/chartwatchers/2025/02/are-trumps-25-tariffs-a-gamech-180.html,neutral
BusinessLine,Dow Jones,markets slip as metal stocks tumble trumps tariff talk weighs on sentiment,https://www.thehindubusinessline.com/markets/stock-markets/markets-slip-as-metal-stocks-tumble-trumps-tariff-talk-weighs-on-sentiment/article69201446.ece,negative
BusinessLine,Dow Jones,index outlook no budget boost for sensex nifty,https://www.thehindubusinessline.com/portfolio/technical-analysis/index-outlook-sensex-nifty-50-fails-to-get-the-budget-boost/article69172068.ece,positive
MarketWatch,Dow Jones,stocks defy tariffs deepseek drama toÂ post best presidential term start since ,https://www.marketwatch.com/story/stocks-defy-tariffs-deepseek-turmoil-in-trump2-0-topost-best-presidential-start-since-2013-d74ded8d,positive
Longreads.com,Apple,her greatest hits,http://longreads.com/2025/02/18/happier-far-essays-diane-mehta/,neutral
Nextpit.com,Apple,apples latest compact yet powerful tablet is  off today,https://www.nextpit.com/apple-ipad-mini-7-2024-deal-amazon-best-buy-17-2-2025,neutral
The Times of India,Apple,jd vance has a tiktok problem can he find a solution,https://economictimes.indiatimes.com/tech/technology/jd-vance-has-a-tiktok-problem-can-he-find-a-solution/articleshow/118264922.cms,neutral
Rolling Stone,Apple, best presidents day  sales actually worth checking out,http://www.rollingstone.com/product-recommendations/lifestyle/best-presidents-day-sales-deals-2025-1235268694/,neutral
SiliconANGLE News,Apple,elon musk aims to remake the federal government by breaking it,https://siliconangle.com/2025/02/14/elon-musk-aims-remake-federal-government-breaking/,neutral
Lewrockwell.com,Apple,there is no antisemitism crisis in australia its a carefully constructed lie,https://www.lewrockwell.com/2025/02/no_author/there-is-no-antisemitism-crisis-in-australia-its-a-carefully-constructed-lie/,neutral
/FILM,Apple,the  best scifi shows on apple tv ranked,https://www.slashfilm.com/1789245/best-sci-fi-shows-apple-tv-plus-ranked/,neutral
Researchbuzz.me,Apple,rhode island rental properties apple youtube more tuesday afternoon researchbuzz february  ,https://researchbuzz.me/2025/02/18/rhode-island-rental-properties-apple-youtube-more-tuesday-afternoon-researchbuzz-february-18-2025/,neutral
Yahoo Entertainment,Apple,metas stock falls putting session streak at risk,https://finance.yahoo.com/news/metas-stock-falls-putting-20-session-streak-at-risk-192124303.html,negative
Vox,Apple,is our sleep getting worse,https://www.vox.com/explain-it-to-me/400087/how-to-sleep-better-chronotypes-night-owl,negative
Antaranews.com,Apple,govt apple intensify dialogue on tkdn rule for iphone ,https://en.antaranews.com/news/345501/govt-apple-intensify-dialogue-on-tkdn-rule-for-iphone-16,neutral
The Drum,Apple,elon musks x gamble a highstakes bet thats actually paying off,https://www.thedrum.com/opinion/2025/02/19/elon-musk-s-x-gamble-high-stakes-bet-s-actually-paying,positive
VentureBeat,Apple,netease raises fears it is unloading its overseas game properties hurting us gaming,https://venturebeat.com/games/netease-is-unloading-its-overseas-game-properties-hurting-u-s-gaming/,negative
VentureBeat,Apple,netease raises fears it is unloading its overseas game properties hurting us gaming,https://venturebeat.com/business/netease-is-unloading-its-overseas-game-properties-hurting-u-s-gaming/,negative
Securityaffairs.com,Apple,us cisa adds sonicwall sonicos and palo alto panos flaws to its known exploited vulnerabilities catalog,https://securityaffairs.com/174375/security/u-s-cisa-adds-sonicwall-sonicos-and-palo-alto-pan-os-flaws-to-its-known-exploited-vulnerabilities-catalog.html,negative
VentureBeat,Apple,netease raises fears it is unloading its overseas game properties hurting us gaming,https://venturebeat.com/games/netease-is-unloading-its-overseas-game-properties-hurting-u-s-gaming/,negative
VentureBeat,Apple,netease raises fears it is unloading its overseas game properties hurting us gaming,https://venturebeat.com/business/netease-is-unloading-its-overseas-game-properties-hurting-u-s-gaming/,negative
Everything-everywhere.com,Apple,the aswan high dam,https://everything-everywhere.com/the-aswan-high-dam/,neutral
Securityaffairs.com,Apple,us cisa adds sonicwall sonicos and palo alto panos flaws to its known exploited vulnerabilities catalog,https://securityaffairs.com/174375/security/u-s-cisa-adds-sonicwall-sonicos-and-palo-alto-pan-os-flaws-to-its-known-exploited-vulnerabilities-catalog.html,negative
Securityaffairs.com,Apple,juniper networks fixed a critical flaw in session smart routers,https://securityaffairs.com/174365/security/juniper-networks-fixed-a-critical-flaw-in-session-smart-routers.html,negative
SiliconANGLE News,Apple,dave vellantes breaking analysis the complete collection,https://siliconangle.com/2025/02/15/dave-vellantes-breaking-analysis-complete-collection/,neutral
SiliconANGLE News,Apple,dave vellantes breaking analysis the complete collection,https://siliconangle.com/2025/02/07/dave-vellantes-breaking-analysis-complete-collection/,neutral
SiliconANGLE News,Apple,dave vellantes breaking analysis the complete collection,https://siliconangle.com/2025/02/01/dave-vellantes-breaking-analysis-complete-collection/,neutral
newsBTC,Apple, million exit deepseek debut sends shockwaves through crypto etfs,http://www.newsbtc.com/news-3/534-million-exit-deepseek-debut-sends-shockwaves-through-crypto-etfs/,neutral
BusinessLine,Apple,stock market live updates today  january  stock to buy today nestle india ,https://www.thehindubusinessline.com/markets/share-market-nifty-sensex-live-updates-30-january-2025/article69154821.ece,neutral
SiliconANGLE News,Microsoft,elon musk aims to remake the federal government by breaking it,https://siliconangle.com/2025/02/14/elon-musk-aims-remake-federal-government-breaking/,neutral
The Times of India,Microsoft,alaska plane crash pilot says one key condition could have disappeared the jet without a trace,https://economictimes.indiatimes.com/news/international/global-trends/us-news-alaska-plane-crash-reason-weather-condition-pilot-says-one-key-condition-could-have-disappeared-the-bering-jet-without-a-trace-10-killed/articleshow/118069877.cms,negative
The Times of India,Microsoft,as bering jet plunges from sky chilling history of alaska triangle back in focus where  have mysteriously disappeared,https://economictimes.indiatimes.com/news/international/global-trends/us-news-alaska-plane-crash-10-missing-alaska-triangle-as-bering-jet-plunges-from-sky-chilling-history-of-alaska-triangle-back-in-focus-where-20000-have-mysteriously-disappeared/articleshow/118068397.cms,neutral
The Times of India,Microsoft,whats your name again i forgot elon musk to tim walz after latters trump should stop him remark,https://economictimes.indiatimes.com/news/international/global-trends/us-news-elon-musk-doge-usaid-tim-walz-donald-trump-whats-your-name-again-i-forgot-elon-musk-to-tim-walz-after-latters-trump-should-stop-him-remark/articleshow/118028230.cms,neutral
SiliconANGLE News,Microsoft,as trump and musk scramble everything investors cool on enterprise techs prospects,https://siliconangle.com/2025/02/07/trump-musk-scramble-everything-investors-cool-enterprise-techs-prospects/,neutral
Android Authority,Microsoft,this opensource tool can activate practically every windows and office release,https://www.androidauthority.com/mas-activate-windows-office-v3-tsforge-3527610/,neutral
Yahoo Entertainment,Microsoft,metas stock falls putting session streak at risk,https://finance.yahoo.com/news/metas-stock-falls-putting-20-session-streak-at-risk-192124303.html,negative
9to5google.com,Microsoft,deals oneplus watch  bundle up to  off surface pro  copilot pc  keyboard  off lg oled more,http://9to5google.com/2025/02/18/deals-oneplus-watch-3-surface-pro-11-lg-oled/,neutral
Webfx.com,Microsoft,your comprehensive guide to microsoft dynamics ,https://www.webfx.com/blog/marketing/microsoft-dynamics-365/,neutral
Techtarget.com,Microsoft,what we can learn from s top  healthcare cyberattacks,https://www.techtarget.com/healthtechsecurity/feature/What-we-can-learn-from-top-healthcare-cyberattacks,neutral
VentureBeat,Microsoft,netease raises fears it is unloading its overseas game properties hurting us gaming,https://venturebeat.com/games/netease-is-unloading-its-overseas-game-properties-hurting-u-s-gaming/,negative
VentureBeat,Microsoft,netease raises fears it is unloading its overseas game properties hurting us gaming,https://venturebeat.com/business/netease-is-unloading-its-overseas-game-properties-hurting-u-s-gaming/,negative
Securityaffairs.com,Microsoft,us cisa adds sonicwall sonicos and palo alto panos flaws to its known exploited vulnerabilities catalog,https://securityaffairs.com/174375/security/u-s-cisa-adds-sonicwall-sonicos-and-palo-alto-pan-os-flaws-to-its-known-exploited-vulnerabilities-catalog.html,negative
pymnts.com,Microsoft,the existential question behind the muskopenai drama,https://www.pymnts.com/artificial-intelligence-2/2025/the-existential-question-behind-the-musk-openai-drama/,neutral
Securityaffairs.com,Microsoft,juniper networks fixed a critical flaw in session smart routers,https://securityaffairs.com/174365/security/juniper-networks-fixed-a-critical-flaw-in-session-smart-routers.html,negative
VentureBeat,Microsoft,netease raises fears it is unloading its overseas game properties hurting us gaming,https://venturebeat.com/games/netease-is-unloading-its-overseas-game-properties-hurting-u-s-gaming/,negative
VentureBeat,Microsoft,netease raises fears it is unloading its overseas game properties hurting us gaming,https://venturebeat.com/business/netease-is-unloading-its-overseas-game-properties-hurting-u-s-gaming/,negative
Securityaffairs.com,Microsoft,us cisa adds sonicwall sonicos and palo alto panos flaws to its known exploited vulnerabilities catalog,https://securityaffairs.com/174375/security/u-s-cisa-adds-sonicwall-sonicos-and-palo-alto-pan-os-flaws-to-its-known-exploited-vulnerabilities-catalog.html,negative
Securityaffairs.com,Microsoft,juniper networks fixed a critical flaw in session smart routers,https://securityaffairs.com/174365/security/juniper-networks-fixed-a-critical-flaw-in-session-smart-routers.html,negative
ESPN,Microsoft,f  coming to xbox game pass on feb ,https://www.espn.com/gaming/story/_/id/43904102/f1-24-xbox-game-pass,neutral
SiliconANGLE News,Microsoft,dave vellantes breaking analysis the complete collection,https://siliconangle.com/2025/02/15/dave-vellantes-breaking-analysis-complete-collection/,neutral
Forbes,Microsoft,while tariffs take center stage inflation approaches fed target,https://www.forbes.com/sites/greatspeculations/2025/02/12/while-tariffs-take-center-stage-inflation-approaches-fed-target/,neutral
SiliconANGLE News,Microsoft,dave vellantes breaking analysis the complete collection,https://siliconangle.com/2025/02/07/dave-vellantes-breaking-analysis-complete-collection/,neutral
SiliconANGLE News,Microsoft,dave vellantes breaking analysis the complete collection,https://siliconangle.com/2025/02/01/dave-vellantes-breaking-analysis-complete-collection/,neutral
BusinessLine,Microsoft,share market highlights  january  markets extend rally to third day sensex rises  pts to close at  nifty ends above ,https://www.thehindubusinessline.com/markets/stock-market-highlights-30-january-2025/article69154821.ece,positive
Gamingonlinux.com,Nvidia,faceminer will have you scale up your ai surveillance empire on february ,https://www.gamingonlinux.com/2025/02/faceminer-will-have-you-scale-up-your-a-i-surveillance-empire-on-february-27/.,neutral
SiliconANGLE News,Nvidia,elon musk aims to remake the federal government by breaking it,https://siliconangle.com/2025/02/14/elon-musk-aims-remake-federal-government-breaking/,neutral
PC Gamer,Nvidia,the definition of overkill cooling an rtx  to a claimed c with a household air conditioning unit,https://www.pcgamer.com/hardware/cooling/the-definition-of-overkill-cooling-an-rtx-4090-to-a-claimed-20-c-with-a-household-air-conditioning-unit/,neutral
SiliconANGLE News,Nvidia,as trump and musk scramble everything investors cool on enterprise techs prospects,https://siliconangle.com/2025/02/07/trump-musk-scramble-everything-investors-cool-enterprise-techs-prospects/,neutral
The Times of India,Nvidia,chip tech provider arm narrows fullyear forecast stock plunges,https://economictimes.indiatimes.com/tech/technology/chip-tech-provider-arm-narrows-full-year-forecast-stock-plunges/articleshow/117967828.cms,negative
The Irish Times,Nvidia,european shares closed at record high as banking and defence stocks gain,https://www.irishtimes.com/business/2025/02/18/european-shares-closed-at-record-high-as-banking-and-defence-stocks-gain/,positive
Incrediblethings.com,Nvidia,moving to appbased play through technology trends,https://incrediblethings.com/money/casino/moving-to-app-based-play-through-technology-trends/,neutral
Rock Paper Shotgun,Nvidia,like a dragon pirate yakuza in hawaii review,https://www.rockpapershotgun.com/review-like-a-dragon-pirate-yakuza-in-hawaii-review,neutral
Geeky Gadgets,Nvidia,rtx  egpu showdown  usb vs oculink  which wins at k,https://www.geeky-gadgets.com/rtx-5090-egpu-usb4-vs-oculink/,positive
Ghacks Technology News,Nvidia,leaked benchmarks nvidias rtx  ti outperforms amds rx  xt,https://www.ghacks.net/2025/02/18/leaked-benchmarks-nvidias-rtx-5070-ti-outperforms-amds-rx-9070-xt/,positive
Securityaffairs.com,Nvidia,us cisa adds sonicwall sonicos and palo alto panos flaws to its known exploited vulnerabilities catalog,https://securityaffairs.com/174375/security/u-s-cisa-adds-sonicwall-sonicos-and-palo-alto-pan-os-flaws-to-its-known-exploited-vulnerabilities-catalog.html,negative
Digital Trends,Nvidia,the alienware x r gaming laptop with rtx  is  off,https://www.digitaltrends.com/computing/alienware-x16-r2-gaming-laptop-with-rtx-4070-deal-dell-february-2025/,neutral
Securityaffairs.com,Nvidia,juniper networks fixed a critical flaw in session smart routers,https://securityaffairs.com/174365/security/juniper-networks-fixed-a-critical-flaw-in-session-smart-routers.html,negative
Vox,Nvidia,the last company you want reading your mind,https://www.vox.com/future-perfect/400146/meta-brain-reading-neurotech-privacy,neutral
PCWorld,Nvidia,rtx    ti spotted in regulator records,https://www.pcworld.com/article/2612329/rtx-5050-5060-5060-ti-spotted-in-regulator-records.html,neutral
TweakTown,Nvidia,nvidia stocks have almost fully recovered  month after deepseek panic sales,https://www.tweaktown.com/news/103372/nvidia-stocks-have-almost-fully-recovered-1-month-after-deepseek-panic-sales/index.html,positive
Securityaffairs.com,Nvidia,us cisa adds sonicwall sonicos and palo alto panos flaws to its known exploited vulnerabilities catalog,https://securityaffairs.com/174375/security/u-s-cisa-adds-sonicwall-sonicos-and-palo-alto-pan-os-flaws-to-its-known-exploited-vulnerabilities-catalog.html,negative
Securityaffairs.com,Nvidia,juniper networks fixed a critical flaw in session smart routers,https://securityaffairs.com/174365/security/juniper-networks-fixed-a-critical-flaw-in-session-smart-routers.html,negative
Business Insider,Nvidia,nvidia stock has cleared a big hurdle ahead of its hotly anticipated earnings next week,https://markets.businessinsider.com/news/stocks/nvidia-stock-price-q4-earnings-technical-levels-deepseek-ai-blackweel-2025-2,positive
The Irish Times,Nvidia,european shares closed at record high as banking and defence stocks gain,https://www.irishtimes.com/business/2025/02/18/european-shares-closed-at-record-high-as-banking-and-defence-stocks-gain/,positive
SiliconANGLE News,Nvidia,dave vellantes breaking analysis the complete collection,https://siliconangle.com/2025/02/15/dave-vellantes-breaking-analysis-complete-collection/,neutral
Forbes,Nvidia,while tariffs take center stage inflation approaches fed target,https://www.forbes.com/sites/greatspeculations/2025/02/12/while-tariffs-take-center-stage-inflation-approaches-fed-target/,neutral
SiliconANGLE News,Nvidia,dave vellantes breaking analysis the complete collection,https://siliconangle.com/2025/02/07/dave-vellantes-breaking-analysis-complete-collection/,neutral
SiliconANGLE News,Nvidia,dave vellantes breaking analysis the complete collection,https://siliconangle.com/2025/02/01/dave-vellantes-breaking-analysis-complete-collection/,neutral
Survivalblog.com,Nvidia,january  in precious metals by everett millman,https://survivalblog.com/2025/02/01/january-2025-in-precious-metals-by-everett-millman/,neutral
BusinessLine,JPMorgan,stock market highlights  feb  sensex nifty close marginally weaker as it gains offset broader weakness,https://www.thehindubusinessline.com/markets/stock-market-highlights-february-18-2025/article69229908.ece,negative
ZyCrypto,JPMorgan,crypto market plunges into fear for the first time in four months  whats happening,https://zycrypto.com/crypto-market-plunges-into-fear-for-the-first-time-in-four-months-whats-happening/,negative
BusinessLine,JPMorgan,share market highlights  february  sensex nifty settle lower after rbi cuts repo rate to  fiis continue selling spree,https://www.thehindubusinessline.com/markets/stock-market-updates-february-7-2025/article69188765.ece,negative
Financial Post,JPMorgan,stocks are jumping on earnings wins by the most since ,https://financialpost.com/pmn/business-pmn/stocks-are-jumping-on-earnings-wins-by-the-most-since-2018,positive
Yahoo Entertainment,JPMorgan,stocks are jumping on earnings wins by the most since ,https://finance.yahoo.com/news/stocks-jumping-earnings-wins-most-120000868.html,positive
CNA,JPMorgan,hsbc bonus pool flat in  amid costcut drive headcount falls ,https://www.channelnewsasia.com/business/hsbc-bonus-pool-flat-2024-amid-cost-cut-drive-headcount-falls-3-4946566,negative
Insurance Journal,JPMorgan,crypto industry seeks to cement political influence mainstream acceptance,https://www.insurancejournal.com/news/national/2025/02/18/812305.htm,neutral
BusinessLine,JPMorgan,stock market highlights  feb  sensex nifty close marginally weaker as it gains offset broader weakness,https://www.thehindubusinessline.com/markets/stock-market-highlights-february-18-2025/article69229908.ece,negative
New York Post,JPMorgan,trump making fewer marketmoving socialmedia posts than first term study,https://nypost.com/2025/02/17/business/trump-making-fewer-market-moving-social-media-posts-than-first-term-study/,neutral
PBS,JPMorgan,how an emboldened crypto industry is trying to cement political influence,https://www.pbs.org/newshour/politics/how-an-emboldened-crypto-industry-is-trying-to-cement-political-influence,neutral
ETF Daily News,JPMorgan,savant capital llc invests  in coeur mining inc nysecde,https://www.etfdailynews.com/2025/02/19/savant-capital-llc-invests-255000-in-coeur-mining-inc-nysecde/,neutral
ETF Daily News,JPMorgan,louisiana state employees retirement system decreases position in brighthouse financial inc nasdaqbhf,https://www.etfdailynews.com/2025/02/19/louisiana-state-employees-retirement-system-decreases-position-in-brighthouse-financial-inc-nasdaqbhf/,negative
ETF Daily News,JPMorgan,blue trust inc has  position in ross stores inc nasdaqrost,https://www.etfdailynews.com/2025/02/19/blue-trust-inc-has-313000-position-in-ross-stores-inc-nasdaqrost/,neutral
Business Insider,JPMorgan,whale watch reddit stock has nearly tripled in recent months and one major hedge fund made a  billion bet last quarter as it soared,https://markets.businessinsider.com/news/stocks/reddit-stock-coatue-management-stake-hedge-fund-13f-rddt-2025-2,neutral
BusinessLine,JPMorgan,stock market highlights  feb  sensex nifty close marginally weaker as it gains offset broader weakness,https://www.thehindubusinessline.com/markets/stock-market-highlights-february-18-2025/article69229908.ece,negative
ETF Daily News,JPMorgan,nations financial group inc ia adv makes new  investment in ft vest us equity deep buffer etf  november batsdnov,https://www.etfdailynews.com/2025/02/19/nations-financial-group-inc-ia-adv-makes-new-328000-investment-in-ft-vest-u-s-equity-deep-buffer-etf-november-batsdnov/,neutral
BusinessLine,JPMorgan,stock market highlights  february  sensex nifty close flat,https://www.thehindubusinessline.com/markets/share-market-nifty-sensex-updates-19-february-2025/article69234539.ece,negative
BusinessLine,JPMorgan,stock market highlights  feb  sensex nifty close marginally weaker as it gains offset broader weakness,https://www.thehindubusinessline.com/markets/stock-market-highlights-february-18-2025/article69229908.ece,negative
NDTV News,JPMorgan,gold rush us banks are flying gold from london to new york heres why,https://www.ndtv.com/world-news/us-banks-are-flying-gold-worth-billions-of-dollars-from-london-to-new-york-heres-why-7731024,neutral
BusinessLine,JPMorgan,stock market highlights  february  sensex nifty crawl up to close marginally higher,https://www.thehindubusinessline.com/markets/share-market-nifty-sensex-highlights-17th-february-2025/article69225845.ece,positive
Financial Post,JPMorgan,how to trade the onagain offagain trade war,https://financialpost.com/financial-times/how-to-trade-the-on-again-off-again-trade-war,neutral
The Times of India,Goldman Sachs,jd vance has a tiktok problem can he find a solution,https://economictimes.indiatimes.com/tech/technology/jd-vance-has-a-tiktok-problem-can-he-find-a-solution/articleshow/118264922.cms,neutral
BusinessLine,Goldman Sachs,q results highlights  february manappuram iifl deepak nitrite lead q profit declines amid rising costs slowing demand,https://www.thehindubusinessline.com/markets/stock-markets/q3-results-highlights-14-feb-2025-reliance-infra-denta-water-swan-energy-genesys-international-glenmark-samvardhana-motherson-international-hindalco-titagarh-rail-dr-agarwals-eye-hospital-mana/article69209622.ece,negative
BusinessLine,Goldman Sachs,q results highlights hindalco profit jumps  to  crore ipca lux ptc india report strong earnings,https://www.thehindubusinessline.com/markets/stock-markets/q3-results-today-highlights-13-feb-2025-hindalco-titagarh-rail-systems-coffee-day-godfrey-phillips-manappuram-finance-rvnl-rail-vikas-nigam-tvs-srichakra-shriram-properties-ashok-leyland/article69209622.ece,positive
BusinessLine,Goldman Sachs,q results live today senco gold tumbles  on q earnings hindalco gains  reliance infra denta water swan energy genesys international samvardhana to announce q results today,https://www.thehindubusinessline.com/markets/stock-markets/q3-results-today-live-updates-14-feb-2025-reliance-infra-denta-water-swan-energy-genesys-international-glenmark-samvardhana-motherson-international-hindalco-titagarh-rail-dr-agarwals-eye-hospital-mana/article69209622.ece,negative
BusinessLine,Goldman Sachs,stock market highlights  february  sensex settles at  nifty drops  points to ,https://www.thehindubusinessline.com/markets/share-market-nifty-sensex-highlights-10-febuary-2025/article69199046.ece,negative
CNA,Goldman Sachs,hsbc bonus pool flat in  amid costcut drive headcount falls ,https://www.channelnewsasia.com/business/hsbc-bonus-pool-flat-2024-amid-cost-cut-drive-headcount-falls-3-4946566,negative
CleanTechnica,Goldman Sachs,shocker us could lead on compressed air energy storage project,https://cleantechnica.com/2025/02/18/shocker-us-could-lead-on-compressed-air-energy-storage-project/,negative
Next Big Future,Goldman Sachs,analyzing history and getting to a better economic future,https://www.nextbigfuture.com/2025/02/analyzing-history-and-getting-to-a-better-economic-future.html,neutral
Motley Fool Australia,Goldman Sachs, asx industrials shares plunging  on guidance disappointment,https://www.fool.com.au/2025/02/18/2-asx-industrials-shares-plunging-8-on-guidance-disappointment/,negative
Independent.ie,Goldman Sachs,davy allowed back as primary dealer in government bonds,https://www.independent.ie/business/davy-allowed-back-as-primary-dealer-in-government-bonds/a1834198073.html,neutral
ETF Daily News,Goldman Sachs,blue trust inc sells  shares of the allstate co nyseall,https://www.etfdailynews.com/2025/02/19/blue-trust-inc-sells-1238-shares-of-the-allstate-co-nyseall/,neutral
Motley Fool Australia,Goldman Sachs,top brokers name  asx shares to buy today,https://www.fool.com.au/2025/02/19/top-brokers-name-3-asx-shares-to-buy-today-19-february-2025/,neutral
Getresponse.com,Goldman Sachs,how to earn passive income online and offline in ,https://www.getresponse.com/blog/how-to-earn-passive-income,neutral
Business Insider,Goldman Sachs,why retail investors are excited and scared about market volatility,https://www.businessinsider.com/retail-investors-market-momentum-volatility-trump-2025-2,neutral
Independent.ie,Goldman Sachs,davy allowed back as primary dealer in government bonds,https://www.independent.ie/business/davy-allowed-back-as-primary-dealer-in-government-bonds/a1834198073.html,neutral
CoinDesk,Goldman Sachs,bitcoin slumps below k but one analyst says k forecast remains in play,https://www.coindesk.com/markets/2025/02/18/bitcoin-slumps-below-usd94k-but-one-analyst-says-usd500k-forecast-remains-in-play,negative
Getresponse.com,Goldman Sachs,how to earn passive income online and offline in ,https://www.getresponse.com/blog/how-to-earn-passive-income,neutral
GlobeNewswire,Goldman Sachs,diamondback energy inc announces midland basin acquisition,https://www.globenewswire.com/news-release/2025/02/18/3027605/22886/en/Diamondback-Energy-Inc-Announces-Midland-Basin-Acquisition.html,neutral
Motley Fool Australia,Goldman Sachs,how much could  invested in telstra shares become in a year,https://www.fool.com.au/2025/02/18/how-much-could-5000-invested-in-telstra-shares-become-in-a-year/,neutral
Financial Post,Goldman Sachs,us tariff threat may spell trouble for indian sectors like auto textiles footwear,https://financialpost.com/pmn/business-pmn/us-tariff-threat-may-spell-trouble-for-indian-sectors-like-auto-textiles-footwear,negative
Financial Post,Goldman Sachs,how to trade the onagain offagain trade war,https://financialpost.com/financial-times/how-to-trade-the-on-again-off-again-trade-war,neutral
Motley Fool Australia,Goldman Sachs,is this the last chance to grab these cheap asx shares at a discount,https://www.fool.com.au/2025/02/05/is-this-the-last-chance-to-grab-these-cheap-asx-shares-at-a-discount/,neutral
Motley Fool Australia,Goldman Sachs,as lynas shares fall another  in  what should investors do,https://www.fool.com.au/2025/01/30/as-lynas-shares-fall-another-5-in-2025-what-should-investors-do/,negative
Investor's Business Daily,Goldman Sachs,dow jones futures trump inauguration looms trump meme coin soars tiktok goes dark,https://www.investors.com/market-trend/stock-market-today/dow-jones-futures-donald-trump-inauguration-meme-coin-tiktok/,neutral
Truthout,ExxonMobil,data on corporate pollution and emissions now threatened under trump,https://truthout.org/articles/data-on-corporate-pollution-and-emissions-now-threatened-under-trump/,neutral
Nakedcapitalism.com,ExxonMobil,a trump pivot away from europe not so fast the plunder is too lucrative for american plutocrats,https://www.nakedcapitalism.com/2025/01/the-transatlantic-ties-that-bind-plunder-and-the-warm-embrace-of-empire.html,neutral
OilPrice.com,ExxonMobil,oil prices rise despite multiple bearish catalysts,https://oilprice.com/Energy/Energy-General/Oil-Prices-Rise-Despite-Multiple-Bearish-Catalysts.html,positive
Smallwarsjournal.com,ExxonMobil,assads fall and the qatari gas pipeline a risky bet or potential source of relief,https://smallwarsjournal.com/2025/02/05/assads-fall-and-the-qatari-gas-pipeline/,negative
Forbes,ExxonMobil,why us drillers are not the key to trumps ukraine goals,https://www.forbes.com/sites/davidblackmon/2025/02/04/why-us-drillers-are-not-the-key-to-trumps-ukraine-goals/,neutral
Business Insider,ExxonMobil,aviation experts have been warning about the risk of a passenger aircraft collision for years,https://www.businessinsider.com/why-aviation-experts-warning-plane-collision-years-conjestion-american-airlines-2025-1,negative
OilPrice.com,ExxonMobil,oil prices rise despite multiple bearish catalysts,https://oilprice.com/Energy/Energy-General/Oil-Prices-Rise-Despite-Multiple-Bearish-Catalysts.html,positive
Common Dreams,ExxonMobil,sorry stevie wonder we do need to blame the banks responsible for the la fires,https://www.commondreams.org/opinion/banks-fund-la-fires,neutral
Forbes,ExxonMobil,bp promises big changes after attracting an uninvited guest,https://www.forbes.com/sites/davidblackmon/2025/02/11/bp-promises-big-changes-after-attracting-an-uninvited-guest/,positive
Wattsupwiththat.com,ExxonMobil,weekly climate and energy news roundup ,https://wattsupwiththat.com/2025/02/10/weekly-climate-and-energy-news-roundup-630/,neutral
Forbes,ExxonMobil,trumps drill baby drill pledge will not save oil,https://www.forbes.com/sites/sverrealvik/2025/02/05/trumps-drill-baby-drill-pledge-will-not-save-oil/,neutral
Paul Tan's Automotive News,ExxonMobil,petronas rightsizing workforce for survival  gceo,https://paultan.org/2025/02/10/petronas-right-sizing-workforce-for-survival-gceo/,neutral
